AA position,mutation type,disrupt coding seq,disrupt func,disrupt struct,study,study color,mutation count,name,color,residue index
34,SNP,0,1,1,GYD,#AEC7E8,1,SNP 34,#8C564B,34
39,SNP,0,1,1,GYD,#AEC7E8,1,SNP 39,#8C564B,39
44,SNP,0,0,0,GYD,#AEC7E8,1,SNP 44,black,44
48,SNP,0,1,1,GYD,#AEC7E8,1,SNP 48,#8C564B,48
50,SNP,0,1,1,GYD,#AEC7E8,1,SNP 50,#8C564B,50
72,SNP,0,1,0,GYD,#AEC7E8,2,SNP 72,#FFA500,72
93,SNP,0,1,1,GYD,#AEC7E8,1,SNP 93,#8C564B,93
138,SNP,0,1,1,GYD,#AEC7E8,2,SNP 138,#8C564B,138
160,MOB,1,0,0,pgiKO_1,#E377C2,5,MOB 160,#CF000F,160
160,MOB,1,0,0,pgiKO_2,#9467BD,1,MOB 160,#CF000F,160
