AA position,mutation type,disrupt coding seq,disrupt func,disrupt struct,study,study color,mutation count,name,color
11,SNP,0,0,0,m-tartrate2,#C5B0D5,1,SNP 11,#ABABAB
111,SNP,0,0,0,SSW_GLU_XYL,#B34142,1,SNP 111,#ABABAB
176,SNP,0,1,0,GYD,#AEC7E8,1,SNP 176,#ED7D31
229,SNP,1,0,0,pgiBME,#F7B6D2,1,SNP 229,#CF000F
231,SNP,0,1,0,GYD,#AEC7E8,1,SNP 231,#ED7D31
387,CNV,0,0,0,GYD,#AEC7E8,1,CNV 387,#ABABAB
392,SNP,0,0,0,pgiKO_1,#E377C2,1,SNP 392,#ABABAB
414,SNP,0,1,0,GYD,#AEC7E8,1,SNP 414,#ED7D31
455,DEL,1,0,0,pgiKO_2,#9467BD,1,DEL 455,#CF000F
455,DEL,1,0,0,ptsHI-crrKO,#C7C7C7,1,DEL 455,#CF000F
458,DEL,1,0,0,ptsHI-crrKO,#C7C7C7,1,DEL 458,#CF000F
478,SNP,0,0,0,GYD,#AEC7E8,1,SNP 478,#ABABAB
491,SNP,0,1,0,GYD,#AEC7E8,3,SNP 491,#ED7D31
518,MOB,1,0,0,GYD,#AEC7E8,2,MOB 518,#CF000F
518,MOB,1,0,0,pgiKO_2,#9467BD,1,MOB 518,#CF000F
518,MOB,1,0,0,ptsHI-crrKO,#C7C7C7,1,MOB 518,#CF000F
617,DEL,0,0,0,pgiHSA,#2AB0C1,1,DEL 617,#ABABAB
618,DEL,0,0,0,pgiHSA,#2AB0C1,1,DEL 618,#ABABAB
664,DEL,0,0,0,GYD,#AEC7E8,1,DEL 664,#ABABAB
665,DEL,0,0,0,GYD,#AEC7E8,1,DEL 665,#ABABAB
665,SNP,0,1,0,GYD,#AEC7E8,4,SNP 665,#ED7D31
729,DEL,1,0,0,GYD,#AEC7E8,4,DEL 729,#CF000F
804,DEL,0,0,0,GYD,#AEC7E8,1,DEL 804,#ABABAB
805,DEL,0,0,0,GYD,#AEC7E8,1,DEL 805,#ABABAB
806,DEL,0,0,0,GYD,#AEC7E8,1,DEL 806,#ABABAB
806,SNP,0,1,0,GYD,#AEC7E8,1,SNP 806,#ED7D31
807,DEL,0,0,0,GYD,#AEC7E8,1,DEL 807,#ABABAB
