AA position,mutation count,name,color,study,study color
20,1,MOB AA 20,#CF000F,TOL_isobutyric_acid,#9467BD
20,1,MOB AA 20,#CF000F,tpiAKO,#F7B6D2
25,1,SNP AA 25,black,TOL_putrescine,#C5B0D5
37,1,SNP AA 37,#FFA500,tpiHSA,#2AB0C1
69,1,SNP AA 69,#8C564B,tpiHSA,#2AB0C1
129,1,SNP AA 129,#8C564B,TOL_isobutyric_acid,#9467BD
142,1,DEL AA 142,#CF000F,tpiPAE,#B2B35A
174,1,SNP AA 174,#8C564B,TOL_isobutyric_acid,#9467BD
220,1,SNP AA 220,#8C564B,tpiPAE,#B2B35A
226,1,SNP AA 226,#8C564B,tpiAKO,#F7B6D2
245,1,SNP AA 245,#FFA500,tpiHSA,#2AB0C1
246,1,SNP AA 246,#FFA500,TOL_isobutyric_acid,#9467BD
250,1,SNP AA 250,#CF000F,SER,#2CA02C
254,1,INS AA 254,#CF000F,SSW_GLU_AC,#97DE94
266,2,INS AA 266,#CF000F,TOL_isobutyric_acid,#9467BD
278,1,SNP AA 278,#FFA500,42C,#AEC7E8
286,3,SNP AA 286,#CF000F,42C,#AEC7E8
309,1,SNP AA 309,#FFA500,TOL_hexanoic_acid,#FF9896
314,1,SNP AA 314,#FFA500,TOL_isobutyric_acid,#9467BD
323,1,SNP AA 323,#CF000F,SSW_GLU_AC,#97DE94
332,1,SNP AA 332,#CF000F,tpiPAE,#B2B35A
367,2,SNP AA 367,#CF000F,pyocyanin,#E377C2
378,1,DEL AA 378,#CF000F,tpiPAE,#B2B35A
399,1,INS AA 399,#CF000F,TOL_isobutyric_acid,#9467BD
408,1,SNP AA 408,black,tpiHSA,#2AB0C1
454,1,SNP AA 454,#FFA500,tpiHSA,#2AB0C1
462,1,MOB AA 462,#CF000F,TOL_isobutyric_acid,#9467BD
